id,first_name,last_name,email,gender,ip_address
1,Muire,Eymor,meymor0@ucoz.ru,Female,172.162.231.211
2,Minne,Compson,mcompson1@psu.edu,Female,164.130.168.222
3,Dewey,Grogono,dgrogono2@yelp.com,Male,24.96.80.25
4,Harry,Grigoriev,hgrigoriev3@archive.org,Male,160.213.182.73
5,Sky,Capron,scapron4@opensource.org,Male,201.54.1.41
6,Bibbie,Cranshaw,bcranshaw5@wordpress.com,Female,6.117.18.172
7,Abe,Langthorne,alangthorne6@seesaa.net,Male,55.211.83.83
8,Eugene,Purvey,epurvey7@wiley.com,Male,236.135.194.67
9,Row,Syer,rsyer8@mediafire.com,Female,185.141.22.31
10,Caro,Yantsev,cyantsev9@ameblo.jp,Female,183.156.36.192
11,Aleta,De Ambrosis,adeambrosisa@dion.ne.jp,Female,72.83.154.77
12,Grover,Meagh,gmeaghb@timesonline.co.uk,Male,90.19.65.9
13,Orv,Duker,odukerc@cmu.edu,Male,136.63.41.62
14,Glyn,Budgeon,gbudgeond@liveinternet.ru,Female,41.57.226.250
15,Celene,Murrish,cmurrishe@ft.com,Female,0.45.85.83
16,Natalina,Moubray,nmoubrayf@netvibes.com,Female,43.212.195.14
17,Chaddie,Ebbutt,cebbuttg@miibeian.gov.cn,Male,187.228.154.242
18,Trever,Euplate,teuplateh@infoseek.co.jp,Male,36.47.46.65
19,Luise,Billin,lbillini@trellian.com,Female,39.157.17.10
20,Zachary,Guyonnet,zguyonnetj@creativecommons.org,Male,25.27.1.151
21,Adams,Ganter,aganterk@miitbeian.gov.cn,Male,246.204.161.236
22,Curry,Colles,ccollesl@addtoany.com,Male,55.203.255.107
23,Victor,Gilcrist,vgilcristm@bluehost.com,Male,145.241.109.18
24,Dorita,Botten,dbottenn@wiley.com,Female,173.22.215.227
25,Addie,Polye,apolyeo@cbsnews.com,Male,226.51.14.101
26,Prisca,Swanton,pswantonp@jalbum.net,Female,160.155.50.133
27,Nanny,Mursell,nmursellq@spotify.com,Female,174.30.48.111
28,Valry,Waszczykowski,vwaszczykowskir@zimbio.com,Female,238.1.24.91
29,Hildy,Pineaux,hpineauxs@live.com,Female,164.163.234.172
30,Gisella,Quinney,gquinneyt@java.com,Female,60.52.150.38
31,Nealy,Jeanequin,njeanequinu@indiegogo.com,Male,4.222.157.90
32,Giacopo,Isaacs,gisaacsv@washington.edu,Male,215.221.33.158
33,Kaylil,Shimmings,kshimmingsw@cpanel.net,Female,57.95.17.69
34,Lucilia,Kilduff,lkilduffx@admin.ch,Female,190.140.90.224
35,Olia,Shawcroft,oshawcrofty@weibo.com,Female,17.252.146.19
36,Jean,Boydell,jboydellz@furl.net,Male,39.138.188.229
37,Biron,Hardman,bhardman10@pinterest.com,Male,142.184.15.188
38,Marget,Tankard,mtankard11@springer.com,Female,67.138.165.182
39,Arlena,McKeever,amckeever12@wunderground.com,Female,176.95.152.93
40,Anderea,Keems,akeems13@irs.gov,Female,145.141.159.193
41,Paolo,Starten,pstarten14@360.cn,Male,38.154.94.158
42,Nevin,Tomini,ntomini15@prweb.com,Male,168.20.123.44
43,Alica,Peotz,apeotz16@upenn.edu,Female,207.102.12.167
44,Bram,Limpricht,blimpricht17@wiley.com,Male,30.107.152.54
45,Huntington,Winkle,hwinkle18@is.gd,Male,155.32.147.89
46,Alessandro,Ness,aness19@ovh.net,Male,29.252.236.242
47,Isaak,Partridge,ipartridge1a@studiopress.com,Male,216.79.255.236
48,Cynthie,Gerssam,cgerssam1b@nytimes.com,Female,56.35.96.14
49,Ricard,Fairhead,rfairhead1c@goo.gl,Male,215.195.102.224
50,Denis,Flescher,dflescher1d@mit.edu,Male,109.204.44.59
51,Rochette,Tonbridge,rtonbridge1e@independent.co.uk,Female,212.128.214.94
52,Oralle,Gaunter,ogaunter1f@un.org,Female,97.45.19.57
53,Hermon,Matterdace,hmatterdace1g@mtv.com,Male,68.77.205.12
54,Alejandro,Twelves,atwelves1h@si.edu,Male,228.72.237.132
55,Bili,Britten,bbritten1i@g.co,Female,77.133.20.135
56,Cecilius,Manwaring,cmanwaring1j@wikimedia.org,Male,62.133.186.18
57,Hermon,Jenkison,hjenkison1k@360.cn,Male,17.142.250.233
58,Daven,Giacomazzo,dgiacomazzo1l@youku.com,Male,185.222.138.245
59,Conn,Wackett,cwackett1m@histats.com,Male,57.80.167.206
60,Deina,Gouch,dgouch1n@nationalgeographic.com,Female,91.52.160.128
61,Terri,Parell,tparell1o@digg.com,Male,192.242.76.72
62,Galina,Brunsen,gbrunsen1p@china.com.cn,Female,235.94.160.39
63,Peggie,Ismail,pismail1q@webmd.com,Female,136.27.190.139
64,Ermina,Banford,ebanford1r@techcrunch.com,Female,5.87.87.216
65,Kinny,Denne,kdenne1s@vinaora.com,Male,183.30.201.77
66,Randi,Taig,rtaig1t@ow.ly,Male,97.199.216.147
67,Valentijn,Sievewright,vsievewright1u@digg.com,Male,97.37.19.83
68,Ives,Devonish,idevonish1v@comsenz.com,Male,58.68.135.81
69,Barnaby,Eydel,beydel1w@vimeo.com,Male,141.147.54.28
70,Ramsay,Robeson,rrobeson1x@tamu.edu,Male,29.8.33.163
71,Pollyanna,Pyrah,ppyrah1y@trellian.com,Female,24.138.120.195
72,Kayne,Lamzed,klamzed1z@example.com,Male,175.85.161.66
73,Danya,Simpson,dsimpson20@cnn.com,Female,212.27.174.213
74,Gualterio,Marcombe,gmarcombe21@vistaprint.com,Male,239.67.198.97
75,Lindsey,Helgass,lhelgass22@nhs.uk,Male,74.48.110.198
76,Ingamar,Parsisson,iparsisson23@facebook.com,Male,87.121.205.150
77,Whit,Featherbie,wfeatherbie24@amazonaws.com,Male,40.211.3.207
78,Shena,Pitson,spitson25@discuz.net,Female,106.49.16.0
79,Kayley,Blair,kblair26@eventbrite.com,Female,205.72.238.93
80,Hermine,Locks,hlocks27@parallels.com,Female,254.145.125.174
81,Lezlie,Grichukhanov,lgrichukhanov28@ning.com,Female,193.90.234.166
82,Tracy,Mc Mechan,tmcmechan29@free.fr,Male,164.205.234.169
83,Nyssa,Kedie,nkedie2a@mayoclinic.com,Female,48.239.108.192
84,Christan,Dufer,cdufer2b@accuweather.com,Female,78.126.46.83
85,Garvy,Julien,gjulien2c@bandcamp.com,Male,45.100.166.197
86,Jeni,Pendrid,jpendrid2d@aol.com,Female,194.51.33.115
87,Bernarr,Horburgh,bhorburgh2e@discuz.net,Male,241.225.41.64
88,Mel,Bozier,mbozier2f@ow.ly,Female,221.229.24.100
89,Zacherie,Revie,zrevie2g@sogou.com,Male,225.12.241.127
90,Esmaria,Cluet,ecluet2h@tamu.edu,Female,120.69.79.29
91,Zed,Fossord,zfossord2i@gnu.org,Male,113.195.184.108
92,Sher,Walls,swalls2j@vimeo.com,Female,68.149.35.233
93,Inessa,Cruce,icruce2k@google.com,Female,150.52.78.205
94,Donna,Menlow,dmenlow2l@discovery.com,Female,93.9.46.68
95,Lionello,Zanicchelli,lzanicchelli2m@sohu.com,Male,79.18.207.127
96,Hadrian,Castellone,hcastellone2n@rediff.com,Male,176.117.158.212
97,Dyanna,Crisford,dcrisford2o@cloudflare.com,Female,36.39.113.32
98,Elfie,Burfoot,eburfoot2p@weather.com,Female,220.230.41.154
99,Friedrich,Durbridge,fdurbridge2q@arstechnica.com,Male,232.217.53.210
100,Fin,Decort,fdecort2r@desdev.cn,Male,238.211.89.76
101,Jeannie,Astill,jastill2s@mashable.com,Female,107.47.23.116
102,Toby,Denial,tdenial2t@tripadvisor.com,Female,139.113.190.12
103,Noland,Mintram,nmintram2u@cyberchimps.com,Male,51.45.74.38
104,Pietro,Longstreet,plongstreet2v@tinypic.com,Male,171.104.73.235
105,Meridel,Phillis,mphillis2w@ca.gov,Female,220.130.37.165
106,Cy,Canada,ccanada2x@europa.eu,Male,2.242.72.37
107,Aubry,Giraudat,agiraudat2y@timesonline.co.uk,Female,159.177.36.76
108,Hallie,Taylder,htaylder2z@blogs.com,Female,251.17.34.153
109,Halie,Girardengo,hgirardengo30@furl.net,Female,160.0.204.44
110,Hana,Craske,hcraske31@yellowbook.com,Female,230.82.75.254
111,Robbyn,Loache,rloache32@netlog.com,Female,224.222.199.255
112,Darelle,Seath,dseath33@deliciousdays.com,Female,161.59.1.168
113,Wakefield,Counter,wcounter34@sina.com.cn,Male,167.9.102.230
114,Olimpia,Hinckesman,ohinckesman35@utexas.edu,Female,170.237.228.91
115,Janka,Tristram,jtristram36@google.ca,Female,111.143.229.38
116,Ketti,Balchen,kbalchen37@altervista.org,Female,155.129.88.168
117,Sigismund,Champneys,schampneys38@instagram.com,Male,29.197.82.7
118,Millicent,Dalloway,mdalloway39@infoseek.co.jp,Female,116.4.9.46
119,Lyon,Blunsden,lblunsden3a@google.ru,Male,141.29.54.210
120,Kenny,Connold,kconnold3b@mail.ru,Male,236.205.20.117
121,Ermina,Marsters,emarsters3c@ifeng.com,Female,23.226.193.23
122,Ned,Loton,nloton3d@ucoz.ru,Male,153.62.240.220
123,Asher,Spieck,aspieck3e@ft.com,Male,35.131.110.161
124,Bernette,Abramovicz,babramovicz3f@spiegel.de,Female,126.74.178.213
125,Orbadiah,Abramowsky,oabramowsky3g@mysql.com,Male,2.169.57.16
126,Sid,Waddup,swaddup3h@istockphoto.com,Male,37.192.53.161
127,Olga,Seamen,oseamen3i@google.pl,Female,170.150.55.110
128,Noam,Edleston,nedleston3j@ibm.com,Male,95.188.65.37
129,Jobye,Duggen,jduggen3k@biglobe.ne.jp,Female,87.126.156.156
130,Ernest,Tranckle,etranckle3l@ox.ac.uk,Male,103.41.232.215
131,Shepard,Eakin,seakin3m@unesco.org,Male,243.125.57.153
132,Gloria,Sphinxe,gsphinxe3n@ebay.co.uk,Female,164.82.162.215
133,Tina,Strand,tstrand3o@tripadvisor.com,Female,59.255.103.186
134,Micaela,Moorhouse,mmoorhouse3p@cpanel.net,Female,85.10.57.222
135,Alastair,Fearne,afearne3q@umn.edu,Male,242.183.118.150
136,Georgianna,Drayson,gdrayson3r@nps.gov,Female,112.207.44.238
137,Wilt,Codman,wcodman3s@unblog.fr,Male,234.182.5.45
138,Darrick,Radloff,dradloff3t@cafepress.com,Male,28.154.224.113
139,Boothe,Eicheler,beicheler3u@arstechnica.com,Male,157.145.243.1
140,Grant,Androsik,gandrosik3v@dmoz.org,Male,129.169.225.157
141,Gina,Arends,garends3w@wix.com,Female,25.128.101.89
142,Melessa,Joney,mjoney3x@multiply.com,Female,36.5.89.90
143,Leroi,Landon,llandon3y@typepad.com,Male,55.190.102.120
144,Meade,Pymm,mpymm3z@histats.com,Female,97.236.213.108
145,Asher,Frampton,aframpton40@businessweek.com,Male,15.1.57.229
146,Nicholle,Payze,npayze41@joomla.org,Female,148.144.153.35
147,Kelvin,Leipoldt,kleipoldt42@yahoo.co.jp,Male,21.149.227.217
148,Raine,Jumont,rjumont43@constantcontact.com,Female,224.100.51.58
149,Giles,Dunbabin,gdunbabin44@blogger.com,Male,155.207.142.236
150,Guendolen,Boobier,gboobier45@hostgator.com,Female,82.250.46.252
151,Glory,Habbershon,ghabbershon46@miibeian.gov.cn,Female,207.183.219.98
152,Robby,Darkins,rdarkins47@harvard.edu,Female,197.58.185.219
153,Hayden,Lalley,hlalley48@diigo.com,Male,240.181.59.6
154,Emmanuel,Mattes,emattes49@google.ca,Male,74.144.53.36
155,Giovanni,Ashby,gashby4a@php.net,Male,170.231.45.1
156,Henrieta,Lucien,hlucien4b@freewebs.com,Female,135.7.155.93
157,Carolin,Cochrane,ccochrane4c@seesaa.net,Female,54.122.28.254
158,Reider,Spurdon,rspurdon4d@nyu.edu,Male,52.98.222.38
159,Audrie,Comino,acomino4e@rambler.ru,Female,60.7.221.242
160,Dale,Arlott,darlott4f@phpbb.com,Female,142.113.2.118
161,Alameda,Wickmann,awickmann4g@livejournal.com,Female,185.203.27.91
162,Joice,Bartalin,jbartalin4h@cnet.com,Female,85.203.32.236
163,Bernette,Songhurst,bsonghurst4i@go.com,Female,167.185.224.129
164,Lorettalorna,Morbey,lmorbey4j@springer.com,Female,53.172.128.170
165,Sydney,McGrayle,smcgrayle4k@google.ru,Male,23.163.74.99
166,Nelie,Verlinde,nverlinde4l@google.es,Female,241.127.83.75
167,Hardy,Melbourn,hmelbourn4m@prnewswire.com,Male,46.229.206.213
168,Pepito,Selley,pselley4n@usda.gov,Male,79.52.71.186
169,Andreas,Mapples,amapples4o@oakley.com,Male,48.60.24.203
170,Mikkel,Longhi,mlonghi4p@redcross.org,Male,66.232.178.163
171,Angelico,Chaulk,achaulk4q@timesonline.co.uk,Male,7.188.169.22
172,Dionisio,Greatland,dgreatland4r@cam.ac.uk,Male,30.65.26.25
173,Elicia,Moxon,emoxon4s@vistaprint.com,Female,250.23.40.223
174,Dolores,Flewan,dflewan4t@ebay.com,Female,6.121.203.32
175,Belita,Jordon,bjordon4u@dagondesign.com,Female,14.163.137.66
176,Perle,Bachelor,pbachelor4v@newsvine.com,Female,139.117.203.179
177,Mariann,Alliban,malliban4w@foxnews.com,Female,8.71.30.95
178,Nathanael,Aslott,naslott4x@seesaa.net,Male,12.46.235.21
179,Bucky,Hoolaghan,bhoolaghan4y@theglobeandmail.com,Male,40.243.3.57
180,Fanechka,Fontes,ffontes4z@yahoo.com,Female,87.184.19.23
181,Lauraine,De Winton,ldewinton50@sciencedaily.com,Female,170.123.157.57
182,Sharona,Grealey,sgrealey51@ustream.tv,Female,105.68.16.196
183,Otis,Brissenden,obrissenden52@blogs.com,Male,13.53.132.206
184,Emmet,Windybank,ewindybank53@github.com,Male,26.40.103.198
185,Pen,Turban,pturban54@amazon.co.jp,Male,193.203.201.47
186,Frankie,Oxterby,foxterby55@hibu.com,Female,71.77.179.110
187,Oren,Petel,opetel56@dmoz.org,Male,53.51.142.21
188,Shantee,Wetton,swetton57@scribd.com,Female,175.193.36.153
189,Inglis,Tewkesberry,itewkesberry58@amazon.com,Male,48.18.207.229
190,Benyamin,Rosenstengel,brosenstengel59@patch.com,Male,122.15.197.91
191,Willey,Satford,wsatford5a@vistaprint.com,Male,17.136.115.199
192,Gwenneth,Sadry,gsadry5b@bizjournals.com,Female,192.104.79.90
193,Durand,Dougal,ddougal5c@cafepress.com,Male,96.74.110.247
194,Jerrylee,Harry,jharry5d@tripod.com,Female,81.136.55.164
195,Trudi,Turn,tturn5e@google.it,Female,105.8.132.34
196,Corby,MacSorley,cmacsorley5f@wp.com,Male,83.34.243.205
197,Lyndel,Rooke,lrooke5g@parallels.com,Female,243.245.251.179
198,Daniela,Winchester,dwinchester5h@samsung.com,Female,52.3.149.244
199,Eduard,Lashbrook,elashbrook5i@amazon.de,Male,124.139.252.221
200,Adah,Jacmard,ajacmard5j@ft.com,Female,76.60.31.246
201,Prissie,Oldman,poldman5k@gravatar.com,Female,243.123.57.51
202,Trudey,Dunklee,tdunklee5l@people.com.cn,Female,55.221.52.156
203,Constantina,Coggell,ccoggell5m@berkeley.edu,Female,132.186.218.179
204,Carma,Mepsted,cmepsted5n@artisteer.com,Female,140.194.239.24
205,Barry,Dametti,bdametti5o@shutterfly.com,Male,171.20.205.134
206,Court,Diche,cdiche5p@prlog.org,Male,82.45.250.96
207,Joan,Trotton,jtrotton5q@cyberchimps.com,Female,95.85.236.255
208,Wally,Edis,wedis5r@usatoday.com,Male,66.168.77.59
209,Linoel,Bellard,lbellard5s@fotki.com,Male,232.34.148.220
210,Sunshine,Conneau,sconneau5t@businessweek.com,Female,116.141.67.43
211,Arnold,Griffith,agriffith5u@webnode.com,Male,210.19.209.81
212,Haily,Pierrepoint,hpierrepoint5v@netlog.com,Female,61.98.8.199
213,Isac,Sammes,isammes5w@smugmug.com,Male,46.54.232.76
214,Christoper,Hunte,chunte5x@mac.com,Male,64.84.78.219
215,Joanne,Turville,jturville5y@qq.com,Female,157.69.36.104
216,Keane,Greg,kgreg5z@gizmodo.com,Male,122.249.19.247
217,Eddy,Sweett,esweett60@zimbio.com,Male,212.152.207.8
218,Roland,Leggat,rleggat61@marketwatch.com,Male,183.216.10.109
219,Patsy,O'Corrane,pocorrane62@princeton.edu,Female,18.218.134.38
220,Sinclare,Walworche,swalworche63@imdb.com,Male,244.224.206.34
221,Giselbert,Olanda,golanda64@slideshare.net,Male,44.21.105.114
222,Montgomery,Loy,mloy65@altervista.org,Male,208.14.225.8
223,Lonnard,Happel,lhappel66@networkadvertising.org,Male,150.80.38.91
224,Daniela,Matyatin,dmatyatin67@archive.org,Female,100.208.182.224
225,Talia,Seligson,tseligson68@uol.com.br,Female,222.210.156.39
226,Cherilynn,Hazeman,chazeman69@patch.com,Female,21.148.56.196
227,Shannen,Balchen,sbalchen6a@liveinternet.ru,Female,159.178.53.150
228,Cecelia,Dranfield,cdranfield6b@free.fr,Female,232.39.57.143
229,Raf,Anthoine,ranthoine6c@mtv.com,Female,47.45.46.112
230,Raphael,Quincee,rquincee6d@dagondesign.com,Male,227.162.149.44
231,Enrica,Sibbet,esibbet6e@nih.gov,Female,138.146.175.5
232,Thomasin,Buffham,tbuffham6f@amazon.co.jp,Female,6.182.225.174
233,Merrili,Baumford,mbaumford6g@alibaba.com,Female,197.70.82.36
234,Demetris,Bartolic,dbartolic6h@digg.com,Female,29.81.145.249
235,Bartholomeus,Cortin,bcortin6i@bbb.org,Male,7.6.254.67
236,Silvan,Netherwood,snetherwood6j@sourceforge.net,Male,214.193.189.167
237,Brittan,Delamaine,bdelamaine6k@wikimedia.org,Female,10.222.174.40
238,Suzanna,Ottosen,sottosen6l@xinhuanet.com,Female,204.196.84.238
239,Rey,Sunshine,rsunshine6m@booking.com,Male,204.245.146.6
240,Carly,Ruddom,cruddom6n@xing.com,Female,218.211.38.236
241,Henrik,Vedekhin,hvedekhin6o@marketwatch.com,Male,127.25.56.107
242,Worden,Magnus,wmagnus6p@simplemachines.org,Male,186.24.87.12
243,Broddy,Cowling,bcowling6q@w3.org,Male,213.83.233.117
244,Neilla,Firminger,nfirminger6r@fastcompany.com,Female,9.217.215.236
245,Lew,O'Glessane,loglessane6s@odnoklassniki.ru,Male,222.4.42.139
246,Corry,Woolveridge,cwoolveridge6t@sina.com.cn,Female,203.117.171.201
247,Cristen,Lantuff,clantuff6u@eepurl.com,Female,135.126.27.44
248,Paulo,Priel,ppriel6v@usatoday.com,Male,250.179.224.129
249,Kile,Slowan,kslowan6w@latimes.com,Male,217.136.7.224
250,Swen,Kienle,skienle6x@thetimes.co.uk,Male,144.2.198.168
251,Alessandra,Ferraresi,aferraresi6y@ucoz.com,Female,176.175.6.105
252,Mischa,Paten,mpaten6z@mysql.com,Male,119.67.204.182
253,Dicky,Lambal,dlambal70@flickr.com,Male,84.31.163.169
254,Ashlee,Ferguson,aferguson71@salon.com,Female,121.135.193.233
255,Farr,Carlsson,fcarlsson72@unblog.fr,Male,51.207.246.103
256,Christina,Geare,cgeare73@pbs.org,Female,242.209.37.224
257,Maddy,Outibridge,moutibridge74@amazon.co.uk,Male,254.197.243.158
258,Husain,Dwight,hdwight75@dot.gov,Male,162.67.7.138
259,Murvyn,Pitfield,mpitfield76@howstuffworks.com,Male,242.94.34.40
260,Timmy,Harnett,tharnett77@miitbeian.gov.cn,Female,87.93.211.75
261,El,Widger,ewidger78@merriam-webster.com,Male,143.189.229.218
262,Maxie,Muckley,mmuckley79@redcross.org,Female,101.147.247.239
263,Dion,Ebrall,debrall7a@imageshack.us,Male,128.84.197.172
264,Glad,Kelly,gkelly7b@people.com.cn,Female,242.244.165.48
265,Mollie,MacConnulty,mmacconnulty7c@yolasite.com,Female,76.103.20.47
266,Jeanette,Yearron,jyearron7d@un.org,Female,229.207.193.203
267,Tania,Besant,tbesant7e@forbes.com,Female,151.181.44.9
268,Breena,Maharg,bmaharg7f@phoca.cz,Female,114.231.253.229
269,Martyn,Conklin,mconklin7g@pinterest.com,Male,64.90.20.134
270,Hall,Elrick,helrick7h@washingtonpost.com,Male,178.223.55.120
271,Dynah,Stollmeyer,dstollmeyer7i@delicious.com,Female,156.5.205.6
272,Staci,De Giorgio,sdegiorgio7j@gizmodo.com,Female,146.222.78.192
273,Ezequiel,Collop,ecollop7k@photobucket.com,Male,7.83.61.227
274,Phillip,Heeran,pheeran7l@census.gov,Male,120.173.251.77
275,Maren,Enrietto,menrietto7m@fema.gov,Female,131.151.179.248
276,Eldon,Rapport,erapport7n@berkeley.edu,Male,27.108.160.5
277,Arlena,Swabey,aswabey7o@umn.edu,Female,37.94.127.64
278,Nathanael,Ferber,nferber7p@patch.com,Male,23.150.81.113
279,Giovanni,Dohr,gdohr7q@amazon.com,Male,82.113.173.82
280,Sharona,Hollyer,shollyer7r@sogou.com,Female,20.89.193.245
281,Reeta,Knocker,rknocker7s@harvard.edu,Female,125.149.244.169
282,Odelle,Meake,omeake7t@people.com.cn,Female,145.130.125.153
283,Kipp,De Zamudio,kdezamudio7u@aol.com,Male,206.203.179.9
284,Audrye,Peddersen,apeddersen7v@shop-pro.jp,Female,99.10.190.121
285,Creighton,Paulsson,cpaulsson7w@nps.gov,Male,197.193.137.223
286,Elwira,Vase,evase7x@netscape.com,Female,51.11.132.242
287,Lucias,Minshull,lminshull7y@hatena.ne.jp,Male,235.65.250.33
288,Ula,Boch,uboch7z@hibu.com,Female,251.80.195.187
289,Tomasine,Hatchette,thatchette80@photobucket.com,Female,118.120.188.210
290,Chet,Reimer,creimer81@mit.edu,Male,69.246.171.75
291,Celle,Rump,crump82@virginia.edu,Female,123.80.236.135
292,Farlie,Shortall,fshortall83@mapquest.com,Male,8.140.79.135
293,Tiffie,Barfield,tbarfield84@sfgate.com,Female,68.35.16.146
294,Baxy,Mulran,bmulran85@imdb.com,Male,194.176.143.20
295,Tessa,Jore,tjore86@over-blog.com,Female,227.232.126.88
296,Celestine,Sutherden,csutherden87@fema.gov,Female,1.134.191.234
297,Lorrin,Caldecutt,lcaldecutt88@imageshack.us,Female,121.255.189.254
298,Jens,Uttley,juttley89@studiopress.com,Male,114.11.113.147
299,Culley,Tesauro,ctesauro8a@unicef.org,Male,85.152.208.16
300,Quincey,Taudevin,qtaudevin8b@cloudflare.com,Male,216.221.87.132
301,Keely,Dybald,kdybald8c@shareasale.com,Female,255.66.152.88
302,Damara,Massey,dmassey8d@psu.edu,Female,99.180.28.207
303,Lambert,Ansell,lansell8e@altervista.org,Male,71.18.91.182
304,Hamnet,Busst,hbusst8f@chronoengine.com,Male,113.176.180.203
305,Niki,Marritt,nmarritt8g@slashdot.org,Male,106.30.253.140
306,Dimitry,Filchagin,dfilchagin8h@naver.com,Male,168.216.119.87
307,Antons,Demange,ademange8i@bloomberg.com,Male,90.65.58.206
308,Carree,Bennetto,cbennetto8j@nba.com,Female,178.2.139.57
309,Mischa,Greeve,mgreeve8k@wordpress.org,Male,9.240.192.101
310,Anson,Robshaw,arobshaw8l@usa.gov,Male,144.67.201.125
311,Davidde,Luis,dluis8m@icio.us,Male,4.71.222.213
312,Margaux,Morehall,mmorehall8n@infoseek.co.jp,Female,57.82.246.44
313,Randa,Delgado,rdelgado8o@php.net,Female,105.155.191.154
314,Milty,Tiner,mtiner8p@vkontakte.ru,Male,5.192.198.136
315,Lind,Struys,lstruys8q@meetup.com,Male,152.51.204.64
316,Garrot,Luffman,gluffman8r@zdnet.com,Male,248.66.158.172
317,Doria,Kirtley,dkirtley8s@gizmodo.com,Female,107.8.58.197
318,Jackie,Geane,jgeane8t@bloglovin.com,Male,144.237.110.75
319,Antonie,Peret,aperet8u@youtube.com,Female,16.74.160.182
320,Dorine,Martusewicz,dmartusewicz8v@lycos.com,Female,35.231.46.46
321,Johnathon,Videneev,jvideneev8w@wikia.com,Male,79.181.24.112
322,Link,Sibbert,lsibbert8x@oracle.com,Male,109.88.234.134
323,Jasper,Hawley,jhawley8y@taobao.com,Male,125.21.167.62
324,Moreen,Rounds,mrounds8z@barnesandnoble.com,Female,40.234.164.77
325,Felecia,Martini,fmartini90@google.cn,Female,112.246.140.210
326,Anet,Schiesterl,aschiesterl91@wordpress.com,Female,52.205.49.217
327,Garv,Impson,gimpson92@google.co.jp,Male,125.189.232.93
328,Jillane,McDunlevy,jmcdunlevy93@economist.com,Female,251.214.211.83
329,Reinwald,Dannell,rdannell94@mozilla.org,Male,50.145.34.148
330,Tawnya,Schuh,tschuh95@booking.com,Female,231.146.198.161
331,Sam,Sirrell,ssirrell96@cyberchimps.com,Male,22.104.140.208
332,Brande,Debill,bdebill97@accuweather.com,Female,196.163.37.25
333,Clementina,Levitt,clevitt98@vkontakte.ru,Female,36.48.104.238
334,Jourdain,Riddoch,jriddoch99@ustream.tv,Male,181.130.167.222
335,Hester,Brunstan,hbrunstan9a@ucla.edu,Female,176.44.29.168
336,Jimmie,Geffcock,jgeffcock9b@sitemeter.com,Male,116.59.247.38
337,Malory,Veldens,mveldens9c@ocn.ne.jp,Female,98.92.57.250
338,Dynah,Jeffcoat,djeffcoat9d@cyberchimps.com,Female,114.81.232.154
339,Jareb,Boichat,jboichat9e@canalblog.com,Male,100.89.208.230
340,Silvan,Mccaull,smccaull9f@blinklist.com,Male,106.250.236.232
341,Maribeth,Ccomini,mccomini9g@zdnet.com,Female,100.223.204.192
342,Alix,Lowater,alowater9h@engadget.com,Male,220.54.235.210
343,Jane,Fardy,jfardy9i@godaddy.com,Female,19.110.103.151
344,Shawn,Roydon,sroydon9j@narod.ru,Female,168.195.1.223
345,Dewain,Chuney,dchuney9k@bloglovin.com,Male,0.206.194.254
346,Caresa,Saker,csaker9l@quantcast.com,Female,249.55.132.238
347,Aldric,Stephen,astephen9m@dropbox.com,Male,160.35.226.161
348,Baudoin,Roze,broze9n@pen.io,Male,225.79.164.61
349,Valentine,Dunley,vdunley9o@vistaprint.com,Female,106.150.151.141
350,Aurlie,Blinckhorne,ablinckhorne9p@cnet.com,Female,97.38.182.54
351,Robinson,Skinn,rskinn9q@live.com,Male,118.102.159.235
352,Tobias,Trase,ttrase9r@scientificamerican.com,Male,147.104.66.253
353,Ernaline,Swanwick,eswanwick9s@yandex.ru,Female,29.204.194.245
354,Meaghan,McAlester,mmcalester9t@miitbeian.gov.cn,Female,181.178.205.7
355,Aubrette,MacAdie,amacadie9u@ehow.com,Female,14.60.7.1
356,Marmaduke,Manthroppe,mmanthroppe9v@mashable.com,Male,97.101.53.218
357,Rosalind,Mizen,rmizen9w@bbc.co.uk,Female,13.61.217.243
358,Gert,Thistleton,gthistleton9x@smh.com.au,Female,40.81.43.170
359,Irwinn,Carlick,icarlick9y@gmpg.org,Male,213.75.177.81
360,Aleen,Miere,amiere9z@amazon.co.uk,Female,206.139.225.94
361,Raina,Fincham,rfinchama0@guardian.co.uk,Female,22.2.22.0
362,Keith,Elsop,kelsopa1@amazon.de,Male,65.121.214.93
363,Jeromy,Keyse,jkeysea2@unesco.org,Male,42.235.119.30
364,Brig,Pizer,bpizera3@nationalgeographic.com,Male,150.40.5.198
365,Vernor,Pudney,vpudneya4@flavors.me,Male,181.110.24.16
366,Antonia,Fallowes,afallowesa5@foxnews.com,Female,117.37.125.211
367,Jerrie,Upward,jupwarda6@stanford.edu,Female,135.46.207.113
368,Lorrie,Iacovo,liacovoa7@gov.uk,Female,59.39.213.225
369,Jobie,Poizer,jpoizera8@google.cn,Female,161.238.132.192
370,Jorgan,Martensen,jmartensena9@huffingtonpost.com,Male,169.203.101.118
371,Dinny,Kembrey,dkembreyaa@archive.org,Female,170.207.37.145
372,Janine,Blackstone,jblackstoneab@chronoengine.com,Female,14.39.57.127
373,Edi,Jovasevic,ejovasevicac@facebook.com,Female,199.231.3.218
374,Robin,Gleadle,rgleadlead@uol.com.br,Female,239.237.202.8
375,Amalee,Rait,araitae@kickstarter.com,Female,18.45.87.92
376,Charley,Reed,creedaf@photobucket.com,Male,90.74.38.5
377,Bili,Gohier,bgohierag@gmpg.org,Female,206.194.109.91
378,Morey,Urwin,murwinah@dmoz.org,Male,134.68.229.167
379,Tally,Milmoe,tmilmoeai@histats.com,Female,208.48.25.174
380,Grady,Thor,gthoraj@wikimedia.org,Male,56.87.121.147
381,Toddie,Isselee,tisseleeak@statcounter.com,Male,40.27.80.180
382,Ab,Byers,abyersal@plala.or.jp,Male,104.122.102.227
383,Rhea,Smythe,rsmytheam@webmd.com,Female,47.89.118.39
384,Kathrine,Ewles,kewlesan@hexun.com,Female,125.135.236.24
385,Merla,Ostler,mostlerao@taobao.com,Female,175.23.166.199
386,Carey,Waitland,cwaitlandap@unc.edu,Female,153.239.180.202
387,Danita,Spinas,dspinasaq@reference.com,Female,227.74.235.229
388,Eleonora,Overton,eovertonar@feedburner.com,Female,57.210.230.138
389,Romonda,Lilian,rlilianas@imageshack.us,Female,46.37.162.5
390,Urbanus,Gribbins,ugribbinsat@ow.ly,Male,191.177.168.87
391,Lilias,Khidr,lkhidrau@e-recht24.de,Female,37.200.20.157
392,Yolane,Gremane,ygremaneav@berkeley.edu,Female,181.174.47.219
393,Kerri,Luchelli,kluchelliaw@miibeian.gov.cn,Female,180.240.140.142
394,Hettie,Hallifax,hhallifaxax@examiner.com,Female,102.5.70.0
395,Boonie,Threader,bthreaderay@dion.ne.jp,Male,255.201.15.136
396,Amabel,Ewer,aeweraz@sina.com.cn,Female,217.61.206.221
397,Ferguson,Chadwick,fchadwickb0@china.com.cn,Male,34.134.78.146
398,Shana,Tommaseo,stommaseob1@shop-pro.jp,Female,183.138.182.122
399,Dulce,Jennison,djennisonb2@whitehouse.gov,Female,207.184.190.102
400,Leopold,Cullon,lcullonb3@bloglines.com,Male,238.69.190.5
401,Adora,McMylor,amcmylorb4@delicious.com,Female,153.136.29.164
402,Mackenzie,Grouse,mgrouseb5@gnu.org,Male,251.22.41.195
403,Timoteo,Youhill,tyouhillb6@imageshack.us,Male,242.153.78.56
404,Anissa,Vittery,avitteryb7@hibu.com,Female,32.38.8.111
405,Niki,Jeremaes,njeremaesb8@ocn.ne.jp,Male,107.204.250.118
406,Maud,Ashelford,mashelfordb9@sbwire.com,Female,147.136.34.96
407,Stearn,Cringle,scringleba@census.gov,Male,12.92.218.93
408,Dario,Raithby,draithbybb@theguardian.com,Male,120.254.34.217
409,Jodi,Molloy,jmolloybc@ox.ac.uk,Male,218.161.246.19
410,Elmore,O'Shields,eoshieldsbd@yale.edu,Male,188.74.214.230
411,Osborne,Georgescu,ogeorgescube@mtv.com,Male,89.202.45.240
412,Mendie,Banbridge,mbanbridgebf@cbsnews.com,Male,32.30.245.185
413,Eddie,Botler,ebotlerbg@businessweek.com,Male,123.162.45.149
414,Charmion,Salzburger,csalzburgerbh@mediafire.com,Female,99.77.64.42
415,Niels,Weddeburn - Scrimgeour,nweddeburnscrimgeourbi@ox.ac.uk,Male,35.218.190.90
416,Owen,Langelay,olangelaybj@uol.com.br,Male,201.158.0.133
417,Addison,Ivanichev,aivanichevbk@google.co.uk,Male,218.150.27.212
418,Finlay,Chance,fchancebl@discovery.com,Male,36.216.177.75
419,Darelle,Johnys,djohnysbm@booking.com,Female,37.212.13.152
420,Currie,Endle,cendlebn@pen.io,Male,107.29.226.156
421,Rodge,Jeafferson,rjeaffersonbo@privacy.gov.au,Male,218.21.255.175
422,Edouard,Doudny,edoudnybp@imageshack.us,Male,173.93.102.240
423,Lorry,Lepope,llepopebq@washingtonpost.com,Male,114.245.51.92
424,Had,Landal,hlandalbr@cnn.com,Male,128.190.128.164
425,Gregorio,Crann,gcrannbs@squarespace.com,Male,18.108.172.127
426,Kane,Frostdyke,kfrostdykebt@ebay.com,Male,182.145.45.188
427,Jeniffer,Dabinett,jdabinettbu@google.co.jp,Female,206.164.28.114
428,Griswold,Carlozzi,gcarlozzibv@joomla.org,Male,49.49.96.71
429,Reiko,Gobel,rgobelbw@seesaa.net,Female,144.198.53.231
430,Konstantine,Jukes,kjukesbx@nationalgeographic.com,Male,36.38.147.93
431,Elladine,Kimmerling,ekimmerlingby@nih.gov,Female,237.73.159.39
432,Jocko,De Gregorio,jdegregoriobz@stanford.edu,Male,22.15.128.66
433,Porty,Gillyett,pgillyettc0@posterous.com,Male,184.103.253.173
434,Rosalyn,Brunone,rbrunonec1@moonfruit.com,Female,225.171.18.240
435,Bobette,Chatelet,bchateletc2@webeden.co.uk,Female,21.166.166.125
436,Dagmar,Bebbington,dbebbingtonc3@nps.gov,Female,124.112.231.156
437,Lesley,Irnys,lirnysc4@sun.com,Female,172.17.242.92
438,Gabie,Dudliston,gdudlistonc5@yandex.ru,Male,36.187.95.241
439,Sophronia,Thursby,sthursbyc6@canalblog.com,Female,121.111.163.24
440,Gregoire,Neames,gneamesc7@fema.gov,Male,22.37.183.66
441,Sherlocke,Galloway,sgallowayc8@reddit.com,Male,0.50.206.243
442,Jeff,Kniveton,jknivetonc9@wired.com,Male,204.83.46.32
443,Tricia,Sambles,tsamblesca@sphinn.com,Female,152.36.205.222
444,Stillman,McDuall,smcduallcb@google.nl,Male,248.128.120.69
445,Putnem,Oxberry,poxberrycc@nps.gov,Male,151.9.12.230
446,Dione,Basler,dbaslercd@mediafire.com,Female,120.129.242.23
447,Cherye,Asman,casmance@cnn.com,Female,17.180.18.171
448,Nap,Goodenough,ngoodenoughcf@paginegialle.it,Male,121.202.85.80
449,Cloe,Carrodus,ccarroduscg@wp.com,Female,98.10.96.104
450,Ferd,Hinz,fhinzch@forbes.com,Male,37.47.238.171
451,Mindy,Sydenham,msydenhamci@about.com,Female,28.252.211.235
452,Cecilla,Fallows,cfallowscj@usda.gov,Female,207.63.34.160
453,Ulick,Bentame,ubentameck@nsw.gov.au,Male,18.48.137.232
454,Bren,Losselyong,blosselyongcl@deviantart.com,Male,115.1.129.55
455,Netti,Perkins,nperkinscm@hexun.com,Female,42.92.92.83
456,Gregg,Dibbin,gdibbincn@aboutads.info,Male,210.19.197.102
457,Val,Qualtro,vqualtroco@simplemachines.org,Female,234.72.177.19
458,Gabie,Stothart,gstothartcp@homestead.com,Female,231.177.190.228
459,Eldredge,Stuckow,estuckowcq@nsw.gov.au,Male,91.134.118.28
460,Kaela,Faithorn,kfaithorncr@latimes.com,Female,111.26.140.98
461,Dieter,Garwell,dgarwellcs@uiuc.edu,Male,229.64.164.46
462,Linnie,MacGuffie,lmacguffiect@livejournal.com,Female,129.1.63.144
463,Estella,Elsip,eelsipcu@auda.org.au,Female,103.181.145.143
464,Dollie,Bundock,dbundockcv@canalblog.com,Female,138.204.192.106
465,Aldin,Crumly,acrumlycw@youtube.com,Male,33.63.62.25
466,Prescott,Emmins,pemminscx@wsj.com,Male,82.110.122.16
467,Onfre,Kleehuhler,okleehuhlercy@skyrock.com,Male,229.237.112.212
468,Hobey,Hamnett,hhamnettcz@globo.com,Male,170.218.162.201
469,Abagael,Humfrey,ahumfreyd0@arstechnica.com,Female,220.164.163.135
470,Rhoda,Brailsford,rbrailsfordd1@spiegel.de,Female,89.114.196.223
471,Harrison,Pally,hpallyd2@tripod.com,Male,111.36.61.54
472,Cassius,de Najera,cdenajerad3@goo.gl,Male,218.46.9.22
473,Suki,Hitzmann,shitzmannd4@usda.gov,Female,174.71.17.122
474,Zak,Mounsey,zmounseyd5@freewebs.com,Male,47.14.31.93
475,Grantham,Trodd,gtroddd6@meetup.com,Male,158.20.102.222
476,Wilek,Biner,wbinerd7@prlog.org,Male,30.76.9.124
477,Lil,Goscar,lgoscard8@telegraph.co.uk,Female,199.53.240.203
478,Kennith,Antoons,kantoonsd9@goo.gl,Male,183.74.104.247
479,Marie,Godfery,mgodferyda@edublogs.org,Female,3.48.250.164
480,Bessie,Mardoll,bmardolldb@hugedomains.com,Female,62.25.112.168
481,Gabie,Yexley,gyexleydc@qq.com,Female,27.165.87.68
482,Twila,Kleinmintz,tkleinmintzdd@printfriendly.com,Female,141.64.143.115
483,Conrad,Broyd,cbroydde@example.com,Male,249.168.165.139
484,Ashil,Farman,afarmandf@hao123.com,Female,244.231.114.245
485,Roman,Kembry,rkembrydg@irs.gov,Male,131.18.251.70
486,Dunstan,MacLaig,dmaclaigdh@jiathis.com,Male,135.51.98.21
487,Lacie,Wearne,lwearnedi@cocolog-nifty.com,Female,45.222.114.211
488,Norine,Eul,neuldj@ebay.com,Female,194.206.148.141
489,Hermina,Pocknoll,hpocknolldk@dion.ne.jp,Female,115.138.207.28
490,Lodovico,Bonnick,lbonnickdl@bloomberg.com,Male,223.1.63.210
491,Billi,Lomansey,blomanseydm@exblog.jp,Female,54.33.102.63
492,Corbin,Gudge,cgudgedn@homestead.com,Male,208.205.52.79
493,Demetris,Bolle,dbolledo@desdev.cn,Female,153.157.189.5
494,Deck,Trevorrow,dtrevorrowdp@feedburner.com,Male,39.242.46.61
495,Retha,Androletti,randrolettidq@tinyurl.com,Female,61.41.216.211
496,Ollie,Blatchford,oblatchforddr@delicious.com,Female,236.181.107.193
497,Sherm,Kennealy,skennealyds@springer.com,Male,233.191.70.18
498,Ailee,Claussen,aclaussendt@wsj.com,Female,183.102.145.216
499,Jerome,MacGray,jmacgraydu@deviantart.com,Male,58.118.51.57
500,Hunfredo,Dunlap,hdunlapdv@seesaa.net,Male,170.226.165.254
501,Ingrim,De Coursey,idecourseydw@thetimes.co.uk,Male,188.138.193.52
502,Kingsley,Patifield,kpatifielddx@miitbeian.gov.cn,Male,109.75.103.58
503,Gabriell,Martindale,gmartindaledy@shareasale.com,Female,43.112.18.130
504,Erin,Ellum,eellumdz@google.co.uk,Male,247.37.30.64
505,Andreas,Lively,alivelye0@nsw.gov.au,Male,136.167.23.215
506,Wit,Tytcomb,wtytcombe1@cdc.gov,Male,93.241.95.101
507,Dana,Raden,dradene2@liveinternet.ru,Female,154.40.160.61
508,Murdoch,Arnaldo,marnaldoe3@live.com,Male,21.84.122.105
509,Hedvige,While,hwhilee4@sphinn.com,Female,91.179.130.218
510,Ab,Dunsmuir,adunsmuire5@ezinearticles.com,Male,89.254.13.233
511,Sarge,Desport,sdesporte6@hao123.com,Male,42.105.29.4
512,Guillermo,Pettitt,gpettitte7@ted.com,Male,70.252.167.89
513,Dasya,Senner,dsennere8@ning.com,Female,141.9.221.7
514,Annmarie,Shotboult,ashotboulte9@purevolume.com,Female,32.244.242.146
515,Arlyne,Rapi,arapiea@howstuffworks.com,Female,155.42.119.246
516,Inesita,Speenden,ispeendeneb@cbsnews.com,Female,232.18.28.158
517,Kris,Boyn,kboynec@dmoz.org,Male,15.46.247.102
518,Godwin,Dunniom,gdunniomed@newsvine.com,Male,61.140.208.191
519,Almeta,Davidovitz,adavidovitzee@163.com,Female,190.116.223.195
520,Rosemonde,Illingsworth,rillingsworthef@typepad.com,Female,73.183.195.155
521,Kerrin,Farrell,kfarrelleg@unesco.org,Female,1.206.196.74
522,Goober,Saggers,gsaggerseh@va.gov,Male,95.187.160.173
523,Rozanna,Sappy,rsappyei@disqus.com,Female,132.97.25.214
524,Rem,Steggles,rstegglesej@google.de,Male,58.98.157.80
525,Gwen,Sallis,gsallisek@dagondesign.com,Female,99.220.79.214
526,Hendrika,Yaldren,hyaldrenel@squarespace.com,Female,168.121.70.222
527,Sigismondo,Pickless,spicklessem@yahoo.co.jp,Male,9.207.248.35
528,Seumas,Pattini,spattinien@mediafire.com,Male,252.184.59.124
529,Verla,Boulde,vbouldeeo@deliciousdays.com,Female,64.85.193.0
530,Abby,Leaver,aleaverep@diigo.com,Male,4.61.195.28
531,Peri,Croisdall,pcroisdalleq@behance.net,Female,81.74.114.63
532,Sebastien,Simonetti,ssimonettier@dmoz.org,Male,162.116.17.187
533,Zachary,Comar,zcomares@gnu.org,Male,206.198.63.25
534,Ange,Ferns,afernset@columbia.edu,Male,60.243.92.173
535,Mordy,Allom,mallomeu@cloudflare.com,Male,57.108.10.85
536,Del,Tabner,dtabnerev@omniture.com,Male,189.202.7.116
537,Amabelle,Lillicrop,alillicropew@ehow.com,Female,146.65.251.56
538,Nell,Grahlmans,ngrahlmansex@upenn.edu,Female,172.242.76.220
539,Artie,Parfrey,aparfreyey@networkadvertising.org,Male,145.128.80.232
540,Cristie,Stiell,cstiellez@zdnet.com,Female,85.168.164.105
541,Odelia,Drohun,odrohunf0@oaic.gov.au,Female,13.246.219.247
542,Jolene,Vauls,jvaulsf1@hc360.com,Female,171.12.149.180
543,Joy,Perone,jperonef2@acquirethisname.com,Female,195.59.180.12
544,Nessy,Lyddon,nlyddonf3@yandex.ru,Female,180.182.101.118
545,Patsy,Barkly,pbarklyf4@yellowpages.com,Male,198.117.43.39
546,Estevan,McRannell,emcrannellf5@purevolume.com,Male,101.186.234.33
547,Clarke,Clemon,cclemonf6@timesonline.co.uk,Male,217.158.86.59
548,Susannah,Wholesworth,swholesworthf7@purevolume.com,Female,217.205.241.31
549,Alastair,Jahn,ajahnf8@deliciousdays.com,Male,221.53.52.99
550,Jereme,Badland,jbadlandf9@squarespace.com,Male,59.126.77.103
551,Reggi,Hackin,rhackinfa@github.com,Female,155.237.61.122
552,Brandi,Poon,bpoonfb@istockphoto.com,Female,113.81.229.175
553,Joshuah,Bowerman,jbowermanfc@state.gov,Male,50.32.146.190
554,Boyce,Rowcliffe,browcliffefd@ox.ac.uk,Male,184.252.147.70
555,Karoline,Satchel,ksatchelfe@usa.gov,Female,66.250.107.28
556,Karin,Filpo,kfilpoff@mapquest.com,Female,183.36.219.51
557,Rodolph,Tabary,rtabaryfg@google.co.uk,Male,243.226.73.91
558,Cletus,Ciciura,cciciurafh@flickr.com,Male,49.134.175.55
559,Violante,Warburton,vwarburtonfi@dailymail.co.uk,Female,189.38.2.40
560,Jenda,Severn,jsevernfj@cnet.com,Female,98.230.136.54
561,Izak,Edgington,iedgingtonfk@spotify.com,Male,30.81.185.131
562,Wendeline,Keane,wkeanefl@purevolume.com,Female,47.165.113.245
563,Carmela,Sellstrom,csellstromfm@nymag.com,Female,157.20.147.175
564,Katerina,Ebertz,kebertzfn@joomla.org,Female,179.31.95.7
565,Bernarr,Pask,bpaskfo@tuttocitta.it,Male,222.94.230.196
566,Codi,Mohammed,cmohammedfp@dailymail.co.uk,Female,42.11.158.79
567,Kailey,Brennenstuhl,kbrennenstuhlfq@buzzfeed.com,Female,67.166.85.52
568,Gipsy,Letteresse,gletteressefr@about.com,Female,156.234.134.37
569,Angel,Ruzicka,aruzickafs@storify.com,Female,224.65.183.248
570,Rosaline,Poon,rpoonft@apache.org,Female,224.61.22.153
571,Brooks,Dobsons,bdobsonsfu@newyorker.com,Male,28.187.0.143
572,Giustina,Tschierasche,gtschieraschefv@pbs.org,Female,134.227.29.176
573,Filippo,Shires,fshiresfw@mozilla.com,Male,75.116.35.198
574,Priscella,Emeline,pemelinefx@census.gov,Female,103.240.228.129
575,Norton,Harmstone,nharmstonefy@yahoo.com,Male,8.3.108.80
576,Ailene,Ference,aferencefz@mapy.cz,Female,243.75.129.101
577,Luz,Spadari,lspadarig0@sun.com,Female,80.104.69.47
578,Ode,Storah,ostorahg1@posterous.com,Male,14.49.63.186
579,Cindra,Ambrogini,cambroginig2@usa.gov,Female,193.250.200.124
580,Hedwiga,Ivons,hivonsg3@prweb.com,Female,205.167.149.45
581,Bonni,Casazza,bcasazzag4@spotify.com,Female,56.52.40.55
582,Kaine,Blodgetts,kblodgettsg5@hud.gov,Male,124.161.77.155
583,Magdaia,Beynkn,mbeynkng6@ox.ac.uk,Female,75.219.200.19
584,Jackelyn,Denniston,jdennistong7@state.gov,Female,162.119.229.115
585,Natty,Vasyanin,nvasyaning8@homestead.com,Female,64.220.124.158
586,Quinn,Diano,qdianog9@google.es,Female,134.155.98.162
587,Sutherlan,Grindall,sgrindallga@alexa.com,Male,128.232.70.219
588,Dionysus,Houldcroft,dhouldcroftgb@tripadvisor.com,Male,226.112.160.95
589,Arlena,Lansley,alansleygc@1und1.de,Female,190.76.161.249
590,Tally,McFetrich,tmcfetrichgd@creativecommons.org,Female,173.215.119.11
591,Irena,Bartel,ibartelge@prnewswire.com,Female,108.25.77.18
592,Mitchel,Iannini,mianninigf@geocities.jp,Male,16.223.19.148
593,Jeanie,Camolli,jcamolligg@e-recht24.de,Female,152.98.116.184
594,Ava,Vaney,avaneygh@amazon.com,Female,212.68.153.113
595,Hernando,Carwithen,hcarwithengi@nymag.com,Male,233.239.93.60
596,Albrecht,Higgen,ahiggengj@statcounter.com,Male,95.48.188.78
597,Audrye,Oaten,aoatengk@diigo.com,Female,160.158.183.230
598,Kora,Stennett,kstennettgl@qq.com,Female,59.176.243.248
599,Ignaz,Malkinson,imalkinsongm@upenn.edu,Male,85.225.191.25
600,Lonnard,Savoury,lsavourygn@miibeian.gov.cn,Male,93.40.192.211
601,Darleen,Melloy,dmelloygo@bluehost.com,Female,27.120.65.163
602,Zenia,Maillard,zmaillardgp@people.com.cn,Female,72.206.104.86
603,Karlan,Imlach,kimlachgq@cornell.edu,Male,16.160.220.31
604,Alex,Boldero,abolderogr@nasa.gov,Male,10.235.167.34
605,Layton,Goldfinch,lgoldfinchgs@usda.gov,Male,231.46.99.12
606,Tanitansy,Gotecliffe,tgotecliffegt@indiegogo.com,Female,33.0.46.72
607,Candis,Budcock,cbudcockgu@archive.org,Female,106.93.211.64
608,Lisette,Malimoe,lmalimoegv@quantcast.com,Female,9.220.102.81
609,Ferrel,Stopford,fstopfordgw@dyndns.org,Male,223.206.213.211
610,Tades,O'Donegan,todonegangx@gizmodo.com,Male,138.80.78.179
611,Brinna,Acory,bacorygy@ehow.com,Female,32.221.7.232
612,Sadie,Eastes,seastesgz@paginegialle.it,Female,117.1.32.211
613,Bone,Cramer,bcramerh0@cdc.gov,Male,214.23.186.15
614,Katrina,Copeland,kcopelandh1@nydailynews.com,Female,44.193.34.2
615,Beckie,Ebsworth,bebsworthh2@comsenz.com,Female,174.27.147.22
616,Joleen,Whiteley,jwhiteleyh3@cdbaby.com,Female,21.88.29.234
617,Had,Martyn,hmartynh4@dyndns.org,Male,95.94.128.81
618,Lorraine,Davidovici,ldavidovicih5@businessinsider.com,Female,16.123.66.14
619,Mychal,Abthorpe,mabthorpeh6@reuters.com,Male,171.33.124.201
620,Hesther,Rowling,hrowlingh7@wordpress.com,Female,28.73.156.95
621,Haskel,Bisgrove,hbisgroveh8@redcross.org,Male,235.28.31.244
622,Dewey,Benardeau,dbenardeauh9@livejournal.com,Male,104.12.119.191
623,Kasper,Behnecken,kbehneckenha@vimeo.com,Male,79.35.119.22
624,Lemar,O'Keaveny,lokeavenyhb@yandex.ru,Male,41.22.172.204
625,Vergil,Neeves,vneeveshc@phpbb.com,Male,63.78.29.109
626,Arte,Jollye,ajollyehd@youku.com,Male,174.57.200.85
627,Connor,Lacotte,clacottehe@mashable.com,Male,167.126.6.153
628,Elva,Dedmam,ededmamhf@cocolog-nifty.com,Female,85.95.121.64
629,Bernadine,Larsen,blarsenhg@accuweather.com,Female,75.105.46.186
630,Ernesto,Saltsberg,esaltsberghh@canalblog.com,Male,192.232.240.93
631,Wilhelmine,Narramore,wnarramorehi@addthis.com,Female,243.62.101.36
632,Viki,Andre,vandrehj@devhub.com,Female,125.82.18.214
633,Lanny,Cumpton,lcumptonhk@alexa.com,Female,170.192.142.229
634,Lamont,Parzizek,lparzizekhl@friendfeed.com,Male,238.245.91.134
635,Buddy,Lutz,blutzhm@mapquest.com,Male,192.66.164.146
636,Richmond,Witherdon,rwitherdonhn@smugmug.com,Male,97.145.10.111
637,Lynnell,Nodes,lnodesho@smh.com.au,Female,80.81.14.157
638,Bari,Jevons,bjevonshp@senate.gov,Female,206.121.244.93
639,Cosimo,Swinn,cswinnhq@hc360.com,Male,246.70.70.227
640,Marris,Spelling,mspellinghr@delicious.com,Female,119.143.253.160
641,Jayson,Nasey,jnaseyhs@vk.com,Male,141.40.184.4
642,Alphonso,Ewell,aewellht@webeden.co.uk,Male,217.128.81.107
643,Thibaud,Libermore,tlibermorehu@abc.net.au,Male,207.56.206.131
644,Jo-ann,Watson,jwatsonhv@sbwire.com,Female,29.150.58.69
645,Ephrayim,Garlee,egarleehw@woothemes.com,Male,21.251.20.210
646,Desirae,Pecha,dpechahx@latimes.com,Female,225.231.114.55
647,Pauly,Whillock,pwhillockhy@qq.com,Male,1.25.23.212
648,Rinaldo,Berrill,rberrillhz@friendfeed.com,Male,150.40.74.94
649,Nikolia,Courtin,ncourtini0@gmpg.org,Female,251.166.211.18
650,Rourke,Boutellier,rboutellieri1@jalbum.net,Male,162.98.140.75
651,Ringo,Gurnay,rgurnayi2@army.mil,Male,98.151.140.215
652,Gard,Pollastro,gpollastroi3@huffingtonpost.com,Male,76.81.46.34
653,Judon,Barth,jbarthi4@lulu.com,Male,148.239.118.25
654,Benny,Blind,bblindi5@columbia.edu,Male,19.58.141.68
655,Waldon,Megainey,wmegaineyi6@independent.co.uk,Male,145.177.10.110
656,Phip,Lippett,plippetti7@people.com.cn,Male,77.135.21.228
657,Damian,Igonet,digoneti8@altervista.org,Male,105.165.119.90
658,Tobe,Tansly,ttanslyi9@dailymail.co.uk,Male,25.108.170.130
659,Jesse,O' Connell,joconnellia@wordpress.com,Female,77.113.184.52
660,Colver,Glancy,cglancyib@cisco.com,Male,50.247.108.197
661,Wynn,Hudel,whudelic@salon.com,Male,236.188.11.232
662,Alec,Galier,agalierid@nhs.uk,Male,9.77.71.13
663,Lesly,Ucchino,lucchinoie@newsvine.com,Female,182.230.117.195
664,Laurice,Laven,llavenif@ebay.com,Female,188.146.245.181
665,Chick,Blything,cblythingig@imdb.com,Male,96.112.119.22
666,Arney,Astlet,aastletih@163.com,Male,171.79.175.191
667,Tallie,Philpots,tphilpotsii@51.la,Male,114.29.148.158
668,Rutherford,O' Dooley,rodooleyij@deliciousdays.com,Male,249.148.226.107
669,Crista,Charley,ccharleyik@economist.com,Female,5.142.153.140
670,Conny,Bittlestone,cbittlestoneil@wp.com,Female,69.221.144.252
671,Kaiser,Gerbi,kgerbiim@tripod.com,Male,19.156.207.33
672,Hilliary,Tenaunt,htenauntin@stumbleupon.com,Female,13.216.99.239
673,Rockey,Dunnaway,rdunnawayio@google.com.au,Male,183.156.242.64
674,Grantham,Fassan,gfassanip@pcworld.com,Male,65.60.5.92
675,Robin,Chateau,rchateauiq@economist.com,Male,66.62.53.44
676,Ellerey,Slane,eslaneir@wunderground.com,Male,64.209.7.192
677,Olivia,Mahood,omahoodis@nih.gov,Female,200.78.175.43
678,Alexandros,Mabee,amabeeit@ucoz.ru,Male,240.232.243.143
679,Hewet,Niblett,hniblettiu@buzzfeed.com,Male,247.1.74.153
680,Leighton,Rattenbury,lrattenburyiv@pen.io,Male,181.92.243.148
681,Prissie,Gascone,pgasconeiw@123-reg.co.uk,Female,85.191.96.176
682,Bethena,Akehurst,bakehurstix@goodreads.com,Female,0.45.152.79
683,Garvey,Nell,gnelliy@theglobeandmail.com,Male,98.12.63.148
684,Noelle,Bickerstaff,nbickerstaffiz@ifeng.com,Female,171.254.206.83
685,Wolfy,Iskowicz,wiskowiczj0@blog.com,Male,230.205.255.201
686,Mano,Brave,mbravej1@hibu.com,Male,100.194.63.189
687,Clo,Convery,cconveryj2@simplemachines.org,Female,123.220.11.104
688,Belle,Shawyers,bshawyersj3@irs.gov,Female,117.197.65.103
689,Chanda,Coning,cconingj4@bloglovin.com,Female,108.29.109.222
690,Clemence,Kiss,ckissj5@domainmarket.com,Female,49.251.89.35
691,Lenci,Carrodus,lcarrodusj6@icq.com,Male,239.67.207.37
692,Matthus,Haug,mhaugj7@stumbleupon.com,Male,191.171.155.24
693,Clayton,Winson,cwinsonj8@hp.com,Male,124.91.172.175
694,Kliment,Partington,kpartingtonj9@bbb.org,Male,30.194.20.233
695,Burch,De La Cote,bdelacoteja@blogger.com,Male,107.13.32.156
696,Marge,Schettini,mschettinijb@livejournal.com,Female,84.226.50.69
697,Terence,Jermin,tjerminjc@furl.net,Male,153.208.152.0
698,Oralla,Awcock,oawcockjd@whitehouse.gov,Female,181.86.243.5
699,Leah,Ambrogetti,lambrogettije@behance.net,Female,25.90.215.44
700,Edsel,Dehm,edehmjf@geocities.com,Male,31.184.160.98
701,Minta,Keggins,mkegginsjg@independent.co.uk,Female,85.244.239.17
702,Chad,Matijevic,cmatijevicjh@freewebs.com,Male,1.233.182.226
703,Vince,Lancashire,vlancashireji@gov.uk,Male,105.254.32.167
704,Lauralee,Skates,lskatesjj@senate.gov,Female,84.201.214.215
705,Chance,Chanders,cchandersjk@studiopress.com,Male,166.10.202.115
706,Vonni,Maroney,vmaroneyjl@tinyurl.com,Female,186.167.113.196
707,Carmela,Andrzejewski,candrzejewskijm@unesco.org,Female,108.76.150.137
708,Luise,Paulazzi,lpaulazzijn@ehow.com,Female,169.89.34.47
709,Alard,Ossipenko,aossipenkojo@blogger.com,Male,103.76.133.240
710,Zebadiah,Fagge,zfaggejp@ted.com,Male,224.189.235.194
711,Meggie,Metcalfe,mmetcalfejq@arstechnica.com,Female,195.244.63.244
712,Artus,Rickcord,arickcordjr@ebay.co.uk,Male,133.183.147.3
713,Charita,Reisen,creisenjs@engadget.com,Female,129.152.181.63
714,Paulette,Stammers,pstammersjt@jimdo.com,Female,190.244.47.183
715,Jinny,Frostdyke,jfrostdykeju@marriott.com,Female,3.83.248.63
716,Lorry,Bantock,lbantockjv@woothemes.com,Male,80.208.59.54
717,Tomkin,Castri,tcastrijw@comcast.net,Male,128.2.142.147
718,Marsiella,McVicar,mmcvicarjx@over-blog.com,Female,165.5.4.65
719,Ole,Yakobovicz,oyakoboviczjy@nsw.gov.au,Male,57.158.121.86
720,Arlen,Killford,akillfordjz@newyorker.com,Female,126.170.184.151
721,Dawn,Elias,deliask0@prlog.org,Female,103.25.59.222
722,Roley,Ianne,riannek1@wix.com,Male,116.143.51.36
723,Brooke,Cicutto,bcicuttok2@apache.org,Female,78.122.143.190
724,Lisa,Grayland,lgraylandk3@nps.gov,Female,221.253.71.126
725,Marlene,Balffye,mbalffyek4@businesswire.com,Female,56.167.46.133
726,Nonie,Abrahamowitcz,nabrahamowitczk5@acquirethisname.com,Female,53.37.22.185
727,Dina,Rihosek,drihosekk6@jiathis.com,Female,248.5.17.38
728,Howey,Ibarra,hibarrak7@sfgate.com,Male,55.158.177.116
729,Rosabella,Newcome,rnewcomek8@last.fm,Female,10.187.113.35
730,Jaclyn,Delagua,jdelaguak9@nps.gov,Female,245.13.33.221
731,Meridith,Chesley,mchesleyka@people.com.cn,Female,166.5.243.47
732,Gardner,Wakerley,gwakerleykb@nationalgeographic.com,Male,5.37.122.15
733,Erie,MacKeeg,emackeegkc@auda.org.au,Male,109.70.126.60
734,Carry,Keerl,ckeerlkd@bing.com,Female,194.238.220.69
735,Bastian,Gowar,bgowarke@godaddy.com,Male,115.121.142.67
736,Cecily,Coare,ccoarekf@va.gov,Female,173.69.85.36
737,Stan,Gossart,sgossartkg@instagram.com,Male,9.158.158.111
738,Abagael,Heustice,aheusticekh@ftc.gov,Female,156.186.99.246
739,Tina,Andrys,tandryski@dmoz.org,Female,88.26.230.196
740,Mikkel,Facey,mfaceykj@buzzfeed.com,Male,164.239.33.120
741,Milicent,Bigglestone,mbigglestonekk@csmonitor.com,Female,187.108.23.232
742,Melisent,Freeburn,mfreeburnkl@amazon.de,Female,202.198.107.58
743,Pablo,Priestley,ppriestleykm@engadget.com,Male,244.28.61.137
744,Cicily,Halley,challeykn@tmall.com,Female,28.213.153.110
745,Dyann,Terbrugge,dterbruggeko@utexas.edu,Female,213.183.78.56
746,Anestassia,Motte,amottekp@wikia.com,Female,222.144.58.90
747,Becka,Derkes,bderkeskq@yahoo.co.jp,Female,173.159.255.148
748,Base,Wolfe,bwolfekr@ed.gov,Male,148.141.112.197
749,Manny,Masserel,mmasserelks@independent.co.uk,Male,71.226.46.68
750,Jemmy,Beminster,jbeminsterkt@xing.com,Female,88.243.123.171
751,Griff,Jiroutek,gjiroutekku@cloudflare.com,Male,23.163.126.115
752,Gussy,Adshede,gadshedekv@elegantthemes.com,Female,109.142.24.89
753,Bianca,Fairham,bfairhamkw@deviantart.com,Female,104.173.220.5
754,Rock,Leward,rlewardkx@qq.com,Male,25.79.43.120
755,Darrell,Skidmore,dskidmoreky@usda.gov,Male,39.217.128.91
756,Starr,Goundry,sgoundrykz@spiegel.de,Female,176.255.154.250
757,Ethelin,Aleksidze,ealeksidzel0@scientificamerican.com,Female,73.107.19.49
758,Valentine,Longfoot,vlongfootl1@timesonline.co.uk,Male,59.206.5.100
759,Addi,Mozzi,amozzil2@privacy.gov.au,Female,96.236.72.44
760,Brittne,Cayley,bcayleyl3@about.com,Female,189.52.35.214
761,Kenny,Gotcher,kgotcherl4@uol.com.br,Male,191.92.179.138
762,Sidonia,Lytell,slytelll5@ihg.com,Female,44.128.136.215
763,Frannie,de Courcy,fdecourcyl6@is.gd,Female,232.241.193.6
764,Ronnica,Draper,rdraperl7@noaa.gov,Female,215.160.200.35
765,Allin,Longina,alonginal8@networkadvertising.org,Male,20.7.141.177
766,Otho,Burchall,oburchalll9@phoca.cz,Male,227.113.133.117
767,Chrystel,Rickersy,crickersyla@hp.com,Female,230.175.155.90
768,Billi,Dalgliesh,bdalglieshlb@wordpress.com,Female,77.120.182.203
769,Cristian,Hendonson,chendonsonlc@uiuc.edu,Male,189.19.16.125
770,Orv,O'Nion,oonionld@google.ru,Male,115.51.2.28
771,Betteann,Biddell,bbiddellle@dot.gov,Female,114.99.201.189
772,Georgi,Stidever,gstideverlf@fda.gov,Male,125.13.181.14
773,Yance,Deboy,ydeboylg@google.fr,Male,167.49.207.86
774,Gertie,Flecknell,gflecknelllh@washingtonpost.com,Female,86.47.63.50
775,Dotti,Guyonnet,dguyonnetli@cocolog-nifty.com,Female,96.116.88.40
776,Steffane,Mulroy,smulroylj@si.edu,Female,132.157.50.239
777,Farra,Demange,fdemangelk@spiegel.de,Female,52.94.255.176
778,Dione,Vasyutochkin,dvasyutochkinll@shop-pro.jp,Female,174.117.165.113
779,Park,Clemanceau,pclemanceaulm@printfriendly.com,Male,91.47.236.72
780,Kira,Solomonides,ksolomonidesln@patch.com,Female,155.248.47.37
781,Anabel,Vaughan-Hughes,avaughanhugheslo@ebay.com,Female,20.116.51.110
782,Wilek,Mowsdill,wmowsdilllp@yandex.ru,Male,222.97.35.161
783,Gina,Hurdwell,ghurdwelllq@mayoclinic.com,Female,167.105.195.189
784,Barnett,Extall,bextalllr@mozilla.com,Male,84.81.70.106
785,Kareem,Wychard,kwychardls@usgs.gov,Male,21.29.159.21
786,Rhodia,Dymocke,rdymockelt@guardian.co.uk,Female,39.121.252.145
787,Danielle,Rhoddie,drhoddielu@google.pl,Female,41.0.16.44
788,Josefa,Bandt,jbandtlv@nytimes.com,Female,203.19.139.103
789,Mylo,Paulino,mpaulinolw@posterous.com,Male,178.104.172.103
790,Cirilo,Boissier,cboissierlx@dyndns.org,Male,163.29.12.108
791,Benito,Radwell,bradwellly@surveymonkey.com,Male,108.147.44.48
792,Conant,Queen,cqueenlz@mysql.com,Male,144.108.88.225
793,Dell,Thon,dthonm0@blogspot.com,Female,48.244.23.145
794,Dulciana,Resun,dresunm1@tripod.com,Female,32.134.6.2
795,Mair,Diegan,mdieganm2@cbc.ca,Female,152.178.56.45
796,Cliff,Ager,cagerm3@storify.com,Male,74.104.134.76
797,Althea,Unstead,aunsteadm4@craigslist.org,Female,253.56.35.54
798,Konstance,Baldery,kbalderym5@zimbio.com,Female,209.161.212.106
799,Codi,Hauxwell,chauxwellm6@barnesandnoble.com,Female,149.132.140.4
800,Sara-ann,McAlinion,smcalinionm7@jiathis.com,Female,170.212.31.71
801,Christophe,Deighton,cdeightonm8@com.com,Male,244.3.16.182
802,Sigvard,Haskew,shaskewm9@webmd.com,Male,220.227.70.246
803,Elias,Branthwaite,ebranthwaitema@twitpic.com,Male,187.114.121.235
804,Fabiano,Croizier,fcroiziermb@ucla.edu,Male,120.149.205.114
805,Ignace,Lydiard,ilydiardmc@illinois.edu,Male,17.237.133.85
806,Antonius,Shepcutt,ashepcuttmd@alibaba.com,Male,65.82.152.217
807,Boothe,Edess,bedessme@usnews.com,Male,195.235.27.70
808,Krispin,Tigner,ktignermf@ucla.edu,Male,29.65.22.176
809,Desiri,Ewens,dewensmg@earthlink.net,Female,68.201.226.187
810,Shirley,Battleson,sbattlesonmh@xrea.com,Female,186.161.17.255
811,Kienan,Gilsthorpe,kgilsthorpemi@sohu.com,Male,247.96.136.172
812,Myer,Jerzykiewicz,mjerzykiewiczmj@instagram.com,Male,139.161.41.239
813,Brewer,Ebenezer,bebenezermk@admin.ch,Male,91.10.118.227
814,Desi,Dawbury,ddawburyml@shareasale.com,Male,245.109.123.52
815,Torrey,Rannald,trannaldmm@gnu.org,Male,78.109.57.63
816,Lucky,Tremain,ltremainmn@homestead.com,Female,64.114.159.50
817,Annalise,Petrazzi,apetrazzimo@biblegateway.com,Female,188.136.13.39
818,Rebecka,Heppenspall,rheppenspallmp@examiner.com,Female,215.26.243.202
819,Bibbye,Turnock,bturnockmq@mapquest.com,Female,33.123.89.123
820,Bailey,Fiddler,bfiddlermr@hud.gov,Male,242.186.42.31
821,Beverley,Sendley,bsendleyms@topsy.com,Female,155.91.27.26
822,Wini,Knowlden,wknowldenmt@nature.com,Female,29.173.65.105
823,Aguste,De Rye Barrett,aderyebarrettmu@indiatimes.com,Male,138.128.128.12
824,Nicol,Redhills,nredhillsmv@nytimes.com,Male,100.199.255.100
825,Marlon,Masser,mmassermw@wiley.com,Male,3.216.63.130
826,Kristyn,Wolverson,kwolversonmx@cloudflare.com,Female,234.221.192.36
827,Tobit,Mingo,tmingomy@sfgate.com,Male,79.28.228.252
828,Cary,Skones,cskonesmz@youku.com,Female,208.232.25.63
829,Adolpho,Underwood,aunderwoodn0@msn.com,Male,111.252.155.204
830,Davis,Fishpoole,dfishpoolen1@cmu.edu,Male,102.217.119.179
831,Benjamin,Sandell,bsandelln2@goo.gl,Male,232.52.238.151
832,Germaine,Murphy,gmurphyn3@huffingtonpost.com,Female,228.166.174.14
833,Karlis,Rosander,krosandern4@dyndns.org,Male,51.25.186.252
834,Timotheus,Wroth,twrothn5@de.vu,Male,163.16.211.21
835,Linus,Giordano,lgiordanon6@plala.or.jp,Male,197.201.198.21
836,Zarah,Curm,zcurmn7@flavors.me,Female,159.138.66.4
837,Sancho,Bindin,sbindinn8@studiopress.com,Male,196.187.169.28
838,Odo,Lithgow,olithgown9@mozilla.com,Male,93.44.50.246
839,Alex,Brumhead,abrumheadna@fc2.com,Female,38.29.51.77
840,Claudio,De Domenici,cdedomenicinb@live.com,Male,243.118.250.216
841,Aleksandr,Germaine,agermainenc@cpanel.net,Male,206.118.161.211
842,Nell,Vassel,nvasselnd@phpbb.com,Female,160.123.194.148
843,Waverley,Southard,wsouthardne@tumblr.com,Male,67.47.164.214
844,Joann,Barber,jbarbernf@mit.edu,Female,221.137.21.175
845,Murdoch,Bartolomeo,mbartolomeong@icio.us,Male,142.119.88.43
846,Raleigh,Cranmere,rcranmerenh@seattletimes.com,Male,140.44.225.126
847,Fulton,Farmloe,ffarmloeni@cdc.gov,Male,247.11.87.125
848,Gus,Gutch,ggutchnj@google.com,Male,16.227.11.135
849,Angelo,Cattrell,acattrellnk@answers.com,Male,190.241.233.43
850,Harrison,Renahan,hrenahannl@freewebs.com,Male,42.112.46.138
851,Markus,MacNucator,mmacnucatornm@noaa.gov,Male,117.124.59.225
852,Cindee,Lakeman,clakemannn@technorati.com,Female,1.31.41.112
853,Sheffield,Mundall,smundallno@gnu.org,Male,102.141.134.194
854,Kesley,Robroe,krobroenp@craigslist.org,Female,44.136.0.84
855,Fitzgerald,Jorin,fjorinnq@quantcast.com,Male,101.69.157.2
856,Theadora,Le Cornu,tlecornunr@parallels.com,Female,24.40.136.108
857,Saba,Mussilli,smussillins@mashable.com,Female,224.177.82.151
858,Amata,Roft,aroftnt@homestead.com,Female,16.17.112.83
859,Revkah,Bamblett,rbamblettnu@acquirethisname.com,Female,27.61.104.142
860,Hazel,Waddy,hwaddynv@eventbrite.com,Male,26.129.242.137
861,Jacqui,Crolla,jcrollanw@army.mil,Female,127.187.240.126
862,Borden,Craney,bcraneynx@people.com.cn,Male,230.228.160.223
863,Joanne,Whyman,jwhymanny@nih.gov,Female,127.116.173.7
864,Hugh,Godsmark,hgodsmarknz@nydailynews.com,Male,230.223.45.87
865,Miltie,Woolfenden,mwoolfendeno0@ucsd.edu,Male,63.111.23.34
866,Titos,Paszak,tpaszako1@miitbeian.gov.cn,Male,102.250.221.16
867,Shari,Stollery,sstolleryo2@meetup.com,Female,67.110.191.199
868,Wilow,Colerick,wcolericko3@blinklist.com,Female,188.107.179.38
869,Dallon,Tiner,dtinero4@so-net.ne.jp,Male,157.99.54.130
870,Alexina,Houchin,ahouchino5@trellian.com,Female,126.23.108.171
871,Tiffanie,de Copeman,tdecopemano6@blogs.com,Female,176.91.228.212
872,Anthe,Sheffield,asheffieldo7@harvard.edu,Female,5.144.105.157
873,Rosene,Gratten,rgratteno8@vinaora.com,Female,138.127.133.143
874,Nikos,Pursehouse,npursehouseo9@bluehost.com,Male,77.7.155.175
875,Willa,Slaight,wslaightoa@sourceforge.net,Female,194.157.169.161
876,Gardie,Quene,gqueneob@cdbaby.com,Male,223.90.143.179
877,Fredericka,Byrcher,fbyrcheroc@printfriendly.com,Female,254.148.44.231
878,Aloise,Hallam,ahallamod@hibu.com,Female,201.120.45.56
879,Mechelle,Scading,mscadingoe@yandex.ru,Female,221.9.76.136
880,Shurlocke,Siemon,ssiemonof@intel.com,Male,33.31.239.7
881,Aurelia,Cowles,acowlesog@vinaora.com,Female,224.186.227.221
882,Susanetta,Escofier,sescofieroh@addtoany.com,Female,142.21.164.136
883,Elwyn,Rieger,eriegeroi@de.vu,Male,209.69.229.238
884,Grover,Dennerly,gdennerlyoj@github.io,Male,39.61.103.63
885,Luce,Robertis,lrobertisok@reference.com,Female,161.237.103.91
886,Fleur,Leads,fleadsol@fc2.com,Female,65.31.7.238
887,Minda,MacCaffrey,mmaccaffreyom@answers.com,Female,155.6.209.189
888,Nataniel,Bolwell,nbolwellon@live.com,Male,179.210.252.104
889,Monro,Jurisic,mjurisicoo@stumbleupon.com,Male,54.93.41.23
890,Nicol,Du Fray,ndufrayop@seesaa.net,Male,37.43.231.21
891,Rickie,Sherrum,rsherrumoq@sitemeter.com,Female,138.208.61.212
892,Claudia,Font,cfontor@sogou.com,Female,16.43.151.253
893,Lexine,Matushenko,lmatushenkoos@vistaprint.com,Female,156.246.225.21
894,Haleigh,Woolmington,hwoolmingtonot@weebly.com,Male,240.29.150.94
895,Gussy,Mattholie,gmattholieou@apple.com,Female,240.242.234.22
896,Nappy,Gallagher,ngallagherov@comcast.net,Male,44.21.24.222
897,Barny,Nears,bnearsow@over-blog.com,Male,21.198.64.150
898,Linn,Phin,lphinox@wikimedia.org,Female,94.15.87.43
899,Lari,Ferrulli,lferrullioy@thetimes.co.uk,Female,179.13.142.250
900,Hanson,Brellin,hbrellinoz@jigsy.com,Male,228.219.23.137
901,Ignace,Foch,ifochp0@google.com,Male,127.186.171.191
902,Marilyn,Pearde,mpeardep1@whitehouse.gov,Female,86.188.96.147
903,Luke,Teek,lteekp2@webeden.co.uk,Male,51.235.173.244
904,Phelia,Beirne,pbeirnep3@eventbrite.com,Female,249.208.42.37
905,Robbin,Bridgeland,rbridgelandp4@army.mil,Female,63.190.7.117
906,Celestyna,Riggs,criggsp5@homestead.com,Female,200.75.59.196
907,Ilise,Piotrowski,ipiotrowskip6@apache.org,Female,225.54.98.165
908,Ernestus,Lusted,elustedp7@bbc.co.uk,Male,22.39.161.31
909,Warner,Burdess,wburdessp8@census.gov,Male,60.186.98.60
910,Allayne,Nary,anaryp9@nsw.gov.au,Male,186.98.222.27
911,Bronson,Mozzini,bmozzinipa@illinois.edu,Male,59.53.192.89
912,Pen,Bottjer,pbottjerpb@csmonitor.com,Male,151.54.29.148
913,Albina,Barense,abarensepc@google.pl,Female,104.237.244.125
914,Tabbi,Cluse,tclusepd@indiatimes.com,Female,82.165.82.99
915,Branden,Tille,btillepe@bloglines.com,Male,211.169.52.149
916,Massimo,Bothams,mbothamspf@smugmug.com,Male,221.205.222.81
917,Lurline,Newborn,lnewbornpg@cam.ac.uk,Female,66.172.137.80
918,Jessamine,Robelet,jrobeletph@ovh.net,Female,188.173.29.218
919,Margaux,Riddall,mriddallpi@deliciousdays.com,Female,194.11.39.160
920,Minne,Di Giacomettino,mdigiacomettinopj@princeton.edu,Female,6.176.222.53
921,Levon,Creser,lcreserpk@cnbc.com,Male,165.1.35.115
922,Gwendolin,Halfacre,ghalfacrepl@ebay.com,Female,194.130.18.230
923,Eziechiele,Lyvon,elyvonpm@dyndns.org,Male,146.104.155.95
924,Roz,Ogg,roggpn@discovery.com,Female,129.173.97.71
925,Gerek,Bowstead,gbowsteadpo@omniture.com,Male,197.5.73.1
926,Aldis,Took,atookpp@parallels.com,Male,126.83.96.163
927,Stormie,Cradduck,scradduckpq@microsoft.com,Female,242.177.103.77
928,Giorgia,McDowell,gmcdowellpr@flickr.com,Female,51.135.108.159
929,Annnora,Josefsen,ajosefsenps@dedecms.com,Female,219.61.121.114
930,Maje,Birkenshaw,mbirkenshawpt@scientificamerican.com,Male,41.178.0.127
931,Sterne,Graine,sgrainepu@ucoz.com,Male,239.235.108.28
932,Ilyssa,Chadwen,ichadwenpv@i2i.jp,Female,225.118.230.92
933,Levy,Garthland,lgarthlandpw@instagram.com,Male,135.67.27.124
934,Olga,Eason,oeasonpx@desdev.cn,Female,72.163.5.21
935,Cristy,Davydychev,cdavydychevpy@pbs.org,Female,57.244.227.150
936,Bryon,Hartle,bhartlepz@a8.net,Male,240.214.59.167
937,Nonah,Harrowing,nharrowingq0@arstechnica.com,Female,219.198.55.139
938,Matthew,Martinie,mmartinieq1@illinois.edu,Male,224.247.116.10
939,Sergei,Backhouse,sbackhouseq2@ucla.edu,Male,22.144.109.23
940,Elle,Camble,ecambleq3@mediafire.com,Female,102.116.67.200
941,Sascha,Nardrup,snardrupq4@unc.edu,Female,21.77.129.73
942,Mellisent,Roll,mrollq5@mlb.com,Female,175.34.139.68
943,Allissa,Scurrer,ascurrerq6@drupal.org,Female,53.197.220.182
944,Blane,McGuigan,bmcguiganq7@answers.com,Male,15.61.81.169
945,Kennedy,Keeltagh,kkeeltaghq8@blogger.com,Male,17.98.86.83
946,Gayel,Scriver,gscriverq9@xinhuanet.com,Female,243.5.252.53
947,Shara,Cockran,scockranqa@hc360.com,Female,69.67.163.131
948,Meriel,Petrov,mpetrovqb@microsoft.com,Female,238.34.77.243
949,Delano,Conneely,dconneelyqc@usatoday.com,Male,123.179.250.26
950,Terra,Bignal,tbignalqd@elegantthemes.com,Female,195.152.226.154
951,Rolfe,Goadbie,rgoadbieqe@sphinn.com,Male,35.171.200.55
952,Zebulon,Bathurst,zbathurstqf@blogtalkradio.com,Male,8.176.242.156
953,Matti,Bredbury,mbredburyqg@intel.com,Female,104.88.12.89
954,Ewen,Diggar,ediggarqh@toplist.cz,Male,234.133.138.202
955,Drugi,Mumford,dmumfordqi@cafepress.com,Male,236.81.223.113
956,Gussi,Scutcheon,gscutcheonqj@furl.net,Female,57.167.91.25
957,Lannie,Hearson,lhearsonqk@theguardian.com,Male,175.194.32.22
958,Sly,Robotham,srobothamql@wikimedia.org,Male,128.24.13.135
959,Christoph,Sauven,csauvenqm@europa.eu,Male,38.28.3.34
960,Carmina,Gresly,cgreslyqn@stanford.edu,Female,128.129.95.40
961,Perrine,Brookes,pbrookesqo@ustream.tv,Female,154.39.132.237
962,Jean,Lancetter,jlancetterqp@free.fr,Female,54.13.15.89
963,Georgina,Etherton,gethertonqq@dot.gov,Female,69.213.255.94
964,Rodrick,Licciardello,rlicciardelloqr@gnu.org,Male,200.41.255.25
965,Sutton,Phipard-Shears,sphipardshearsqs@purevolume.com,Male,92.10.109.123
966,Murdock,Presdie,mpresdieqt@cyberchimps.com,Male,113.16.137.74
967,Sephira,Marple,smarplequ@mail.ru,Female,73.59.123.250
968,Onfre,Kayne,okayneqv@jugem.jp,Male,104.224.251.217
969,Barbra,Errington,berringtonqw@networksolutions.com,Female,244.118.161.19
970,Ashia,Glander,aglanderqx@slashdot.org,Female,199.169.28.158
971,Lillian,Labuschagne,llabuschagneqy@seesaa.net,Female,141.114.57.20
972,Westleigh,Wheatman,wwheatmanqz@nps.gov,Male,231.31.34.24
973,Webster,Belchambers,wbelchambersr0@last.fm,Male,101.202.90.201
974,Stepha,Soltan,ssoltanr1@jigsy.com,Female,67.123.196.15
975,Andrej,Lemm,alemmr2@ustream.tv,Male,135.158.41.48
976,Cody,Poynter,cpoynterr3@trellian.com,Male,221.143.34.149
977,Vassili,Towell,vtowellr4@google.co.jp,Male,111.237.102.44
978,Zebulon,O'Corrin,zocorrinr5@berkeley.edu,Male,243.240.216.236
979,Elisabetta,Weaving,eweavingr6@google.it,Female,98.104.198.172
980,Deena,Rankcom,drankcomr7@cisco.com,Female,20.62.198.85
981,Monroe,McEwen,mmcewenr8@globo.com,Male,175.158.61.35
982,Kinna,Bagot,kbagotr9@state.gov,Female,90.211.76.75
983,Sula,Mennear,smennearra@samsung.com,Female,210.235.53.30
984,Worth,Pottinger,wpottingerrb@virginia.edu,Male,125.226.162.144
985,Gibbie,Allward,gallwardrc@mtv.com,Male,138.97.235.250
986,Patrick,Bartocci,pbartoccird@stumbleupon.com,Male,160.169.101.221
987,Burk,Mathey,bmatheyre@exblog.jp,Male,101.222.54.132
988,Mal,Dederick,mdederickrf@icq.com,Male,129.214.75.114
989,Alix,Benham,abenhamrg@theatlantic.com,Male,122.219.131.131
990,Amelita,Zmitrichenko,azmitrichenkorh@elpais.com,Female,176.14.203.103
991,Sara,Eefting,seeftingri@google.ru,Female,61.135.190.14
992,Kiah,Kempshall,kkempshallrj@fc2.com,Female,120.1.198.79
993,Miles,Stiddard,mstiddardrk@prweb.com,Male,10.166.88.129
994,Horacio,Piccop,hpiccoprl@spotify.com,Male,40.16.60.185
995,Dwight,Berick,dberickrm@google.de,Male,95.247.148.175
996,Gearard,Gounot,ggounotrn@jiathis.com,Male,102.226.115.15
997,Sheppard,Girt,sgirtro@amazon.co.uk,Male,164.153.155.177
998,Devlen,Lafee,dlafeerp@cornell.edu,Male,80.132.253.233
999,Caty,Halfhead,chalfheadrq@technorati.com,Female,51.46.5.185
1000,Glennie,Davydkov,gdavydkovrr@squidoo.com,Female,112.110.216.237
