id,first_name,last_name,email,gender,ip_address
1,Mareah,Tanzer,mtanzer0@soup.io,Female,168.136.109.252
2,Dennie,Edeler,dedeler1@over-blog.com,Male,66.54.132.192
3,Raffarty,MacKey,rmackey2@google.nl,Male,128.22.51.98
4,Nomi,McCawley,nmccawley3@amazonaws.com,Female,241.92.86.104
5,Jaine,Brugger,jbrugger4@de.vu,Female,148.215.70.226
6,Aristotle,Dullard,adullard5@symantec.com,Male,168.188.140.186
7,Jocko,Towse,jtowse6@examiner.com,Male,121.56.14.47
8,Kat,Roote,kroote7@sfgate.com,Female,78.213.69.115
9,Twila,Burkman,tburkman8@ebay.co.uk,Female,26.203.104.4
10,Cissy,Loalday,cloalday9@barnesandnoble.com,Female,142.127.240.158
11,Nichols,Tingly,ntinglya@spiegel.de,Male,186.110.123.140
12,Vina,Huff,vhuffb@google.ca,Female,16.222.94.42
13,Benni,Spender,bspenderc@earthlink.net,Female,128.215.148.40
14,Spenser,Touhig,stouhigd@disqus.com,Male,134.5.15.187
15,Ammamaria,Greim,agreime@usa.gov,Female,89.237.248.23
16,Bernie,Pottie,bpottief@cdc.gov,Male,123.116.162.7
17,Tris,Vasiltsov,tvasiltsovg@xinhuanet.com,Male,139.193.236.119
18,Emory,Ludy,eludyh@ezinearticles.com,Male,160.176.97.12
19,Alyce,Layson,alaysoni@youtu.be,Female,89.154.248.123
20,Ros,Rickword,rrickwordj@webs.com,Female,205.186.98.241
21,Alic,Holley,aholleyk@soundcloud.com,Male,8.30.146.120
22,Kiley,Gowry,kgowryl@google.es,Male,48.239.57.214
23,Tommy,Quinney,tquinneym@cocolog-nifty.com,Male,107.125.166.153
24,Marylou,Domenc,mdomencn@jalbum.net,Female,78.149.168.60
25,Cathy,Walas,cwalaso@dedecms.com,Female,113.128.238.17
26,Clim,Holdron,choldronp@newyorker.com,Male,219.198.28.176
27,Felix,Ewens,fewensq@cpanel.net,Male,64.75.217.74
28,Tiebout,Wooton,twootonr@cbc.ca,Male,12.234.198.158
29,Lindsay,Stonhouse,lstonhouses@dot.gov,Male,232.207.248.214
30,Heindrick,McKay,hmckayt@google.fr,Male,99.102.103.95
31,Baxy,Ely,belyu@miibeian.gov.cn,Male,240.111.245.75
32,Chris,Knee,ckneev@about.me,Female,55.230.212.14
33,Stephana,Vequaud,svequaudw@yelp.com,Female,148.79.2.240
34,Lothario,Beever,lbeeverx@elegantthemes.com,Male,39.179.88.58
35,Kelci,Burnip,kburnipy@cyberchimps.com,Female,48.17.9.198
36,Merle,Monketon,mmonketonz@soundcloud.com,Male,203.60.210.141
37,Cami,Glanton,cglanton10@economist.com,Female,109.151.104.34
38,Katleen,Dainton,kdainton11@ox.ac.uk,Female,194.140.89.26
39,Happy,Kramer,hkramer12@ehow.com,Female,92.150.81.112
40,Shay,Francioli,sfrancioli13@tinypic.com,Female,9.194.172.85
41,Ericha,Clunie,eclunie14@tinypic.com,Female,126.42.96.18
42,Sibelle,Knocker,sknocker15@livejournal.com,Female,63.184.41.235
43,Linda,Cracknell,lcracknell16@infoseek.co.jp,Female,165.77.38.109
44,Sheff,Woodyeare,swoodyeare17@berkeley.edu,Male,91.156.209.125
45,Gonzales,McCallister,gmccallister18@ustream.tv,Male,218.209.251.239
46,Sheff,Farenden,sfarenden19@nymag.com,Male,92.89.162.239
47,Bevvy,Rabl,brabl1a@howstuffworks.com,Female,207.170.75.8
48,Rance,Talloe,rtalloe1b@wikia.com,Male,230.148.173.6
49,Bibi,Askwith,baskwith1c@redcross.org,Female,25.156.74.11
50,Jaimie,Gapper,jgapper1d@hostgator.com,Male,235.155.74.200
51,Cristionna,Keenlyside,ckeenlyside1e@kickstarter.com,Female,17.22.115.96
52,Cairistiona,Hugnet,chugnet1f@spiegel.de,Female,111.175.209.244
53,Yvon,Orpyne,yorpyne1g@uol.com.br,Male,241.214.35.110
54,Madelon,Redparth,mredparth1h@discuz.net,Female,53.180.167.178
55,Adrianne,Bonwell,abonwell1i@bizjournals.com,Female,151.172.191.114
56,Avictor,Whiles,awhiles1j@sitemeter.com,Male,75.220.247.47
57,Demott,Gludor,dgludor1k@flickr.com,Male,227.229.240.159
58,Mace,Kuhne,mkuhne1l@chronoengine.com,Male,190.242.185.214
59,Dwain,Roome,droome1m@pen.io,Male,207.46.32.33
60,Lorenzo,Thresh,lthresh1n@yolasite.com,Male,145.77.40.71
61,Pincus,Janca,pjanca1o@cdbaby.com,Male,241.34.45.60
62,Tilda,Heers,theers1p@wiley.com,Female,240.42.113.66
63,Alasteir,Bus,abus1q@stanford.edu,Male,80.15.10.207
64,Bernard,Lindup,blindup1r@netlog.com,Male,143.139.129.202
65,Fancy,Bartlett,fbartlett1s@mac.com,Female,161.241.220.82
66,Nicolis,Stut,nstut1t@mail.ru,Male,186.226.205.180
67,Andee,Shuttlewood,ashuttlewood1u@sciencedirect.com,Female,136.254.82.167
68,Avrit,Crich,acrich1v@auda.org.au,Female,80.40.36.229
69,Laurel,Keyser,lkeyser1w@webnode.com,Female,80.125.186.110
70,Ally,Dunphie,adunphie1x@cargocollective.com,Female,139.210.247.155
71,Murdock,Crockford,mcrockford1y@tiny.cc,Male,247.252.78.198
72,Tillie,Bursnall,tbursnall1z@ning.com,Female,251.65.196.48
73,Hilda,Piddock,hpiddock20@reverbnation.com,Female,118.170.62.132
74,Tremain,Turpey,tturpey21@dropbox.com,Male,61.16.125.223
75,Peadar,Gosling,pgosling22@fotki.com,Male,200.104.161.92
76,Dorothee,Liptrod,dliptrod23@delicious.com,Female,230.138.234.204
77,Jackson,Chrichton,jchrichton24@hud.gov,Male,215.247.48.237
78,Lucinda,Moorman,lmoorman25@ibm.com,Female,243.153.226.255
79,Mab,Monget,mmonget26@samsung.com,Female,55.200.165.25
80,Matty,McGuiness,mmcguiness27@hao123.com,Female,123.136.222.247
81,Lori,Maliffe,lmaliffe28@zdnet.com,Female,63.231.240.134
82,Katherine,Sawden,ksawden29@cafepress.com,Female,129.53.137.39
83,Karna,Cheevers,kcheevers2a@usa.gov,Female,21.119.198.157
84,Delphine,Canaan,dcanaan2b@hud.gov,Female,180.138.117.186
85,Tomasine,McCree,tmccree2c@woothemes.com,Female,156.196.199.12
86,Hilliard,Drain,hdrain2d@nature.com,Male,61.90.10.209
87,Cass,Iamittii,ciamittii2e@friendfeed.com,Male,76.28.231.74
88,Odilia,Neillans,oneillans2f@privacy.gov.au,Female,9.126.222.80
89,Balduin,Ramsdale,bramsdale2g@ovh.net,Male,197.114.117.215
90,Laurence,Bevens,lbevens2h@google.com,Male,193.204.49.50
91,Fritz,Jelfs,fjelfs2i@usa.gov,Male,232.70.134.80
92,Park,Kloser,pkloser2j@free.fr,Male,184.126.22.233
93,Trevor,Garnall,tgarnall2k@wunderground.com,Male,64.66.137.198
94,Reinold,Tutchings,rtutchings2l@hhs.gov,Male,133.168.86.95
95,Clyde,Mannion,cmannion2m@hao123.com,Male,83.98.168.111
96,Inglebert,Cornwall,icornwall2n@skype.com,Male,10.72.52.240
97,Cheston,Dedam,cdedam2o@google.cn,Male,18.112.42.128
98,Carolin,Roder,croder2p@facebook.com,Female,167.244.42.127
99,Marney,Kapelhof,mkapelhof2q@chron.com,Female,156.126.111.97
100,Hedda,Cleobury,hcleobury2r@hhs.gov,Female,231.79.246.102
